avg_word_time_ms,reading_speed_wpm,word_error_rate,pause_count,self_correction_count,reaction_time_ms,phoneme_accuracy,confusable_error_rate,skipped_trials,repeated_attempts,typed_word,target_word,pred_class,pred_prob
7831.310033798218,7.66155339796958,0.0,0,0,0,0.95,0.05,0,0,apple,apple,1,0.9290031552748105
5816.408634185791,10.315643857508833,0.0,0,0,0,0.95,0.05,0,0,banana,banana,1,0.5105198149752587
4617.3951625823975,12.994339424577959,0.16666666666666666,0,0,0,0.95,0.05,0,0,ornge,orange,1,0.5887307351156919
4787.800312042236,12.531850973209657,0.0,0,0,0,0.95,0.05,0,0,grape,grape,0,0.2226664220628681
5874.67360496521,10.21333337554084,0.0,0,0,0,0.95,0.05,0,0,pineapple,pineapple,1,0.5287827356713011
